SET SQL_MODE = "NO_AUTO_VALUE_ON_ZERO";
START TRANSACTION;

--
-- Base de données : Projet_JO_2024
--

--
-- Structure de la table Athlete
--

DROP TABLE IF EXISTS Athlete;
CREATE TABLE Athlete (
  id_athlete int(11) PRIMARY KEY AUTO_INCREMENT,
  firstname_athlete VARCHAR(50) NOT NULL,
  name_athlete VARCHAR(50) NOT NULL,
  birthday_athlete date DEFAULT NULL,
  gender_athlete enum('MAN', 'WOMAN') NOT NULL,
  code_country char(3) DEFAULT NULL
) ENGINE=InnoDB DEFAULT CHARSET=utf8mb4 COLLATE=utf8mb4_general_ci;

-- --------------------------------------------------------

--
-- Structure de la table Country
--

DROP TABLE IF EXISTS Country;
CREATE TABLE Country (
  code_country char(3) NOT NULL PRIMARY KEY,
  name_country VARCHAR(50) NOT NULL
) ENGINE=InnoDB DEFAULT CHARSET=utf8mb4 COLLATE=utf8mb4_general_ci;

-- --------------------------------------------------------

--
-- Structure de la table Date_calendar
--

DROP TABLE IF EXISTS Date_calendar;
CREATE TABLE Date_calendar (
  id_date_cal int(11) PRIMARY KEY AUTO_INCREMENT,
  date_cal date NOT NULL,
  medal_ceremony_date_cal tinyint(1) NOT NULL DEFAULT 0
) ENGINE=InnoDB DEFAULT CHARSET=utf8mb4 COLLATE=utf8mb4_general_ci;

-- --------------------------------------------------------

--
-- Structure de la table Discipline
--

DROP TABLE IF EXISTS Discipline;
CREATE TABLE Discipline (
  id_disc int(11) PRIMARY KEY AUTO_INCREMENT,
  name_fr_disc VARCHAR(50) NOT NULL,
  name_an_disc VARCHAR(50),
  category_disc enum('OLYMPIC', 'PARALYMPIC') NOT NULL
) ENGINE=InnoDB DEFAULT CHARSET=utf8mb4 COLLATE=utf8mb4_general_ci;

-- --------------------------------------------------------

--
-- Structure de la table Event
--

DROP TABLE IF EXISTS Event;
CREATE TABLE Event (
  id_event int(11) PRIMARY KEY AUTO_INCREMENT,
  name_event VARCHAR(50) NOT NULL,
  format_event enum('INDIVIDUAL', 'COLLECTIVE', 'HYBRIDE') NOT NULL,
  gender_event enum('MAN', 'WOMAN', 'MIXED') NOT NULL,
  id_disc int(11) NOT NULL,
  id_record int(11) DEFAULT NULL
) ENGINE=InnoDB DEFAULT CHARSET=utf8mb4 COLLATE=utf8mb4_general_ci;

-- --------------------------------------------------------

--
-- Structure de la table Medal
--

DROP TABLE IF EXISTS Medal;
CREATE TABLE Medal (
  id_medal int(11) PRIMARY KEY AUTO_INCREMENT,
  type_medal enum('GOLD','SILVER','BRONZE') NOT NULL,
  id_event int(11) NOT NULL,
  id_athlete int(11) DEFAULT NULL,
  id_date_cal int(11) DEFAULT NULL
) ENGINE=InnoDB DEFAULT CHARSET=utf8mb4 COLLATE=utf8mb4_general_ci;

-- --------------------------------------------------------

--
-- Structure de la table Record
--

DROP TABLE IF EXISTS Record;
CREATE TABLE Record (
  id_record int(11) PRIMARY KEY AUTO_INCREMENT,
  stat_record VARCHAR(32) NOT NULL,
  date_record date,
  id_event int(11) DEFAULT NULL,
  id_athlete int(11) DEFAULT NULL
) ENGINE=InnoDB DEFAULT CHARSET=utf8mb4 COLLATE=utf8mb4_general_ci;

-- --------------------------------------------------------

--
-- Structure de la table Transport
--

DROP TABLE IF EXISTS Transport;
CREATE TABLE Transport (
  id_trans int(11) PRIMARY KEY AUTO_INCREMENT,
  name_trans enum('TRAIN', 'TRAMWAY', 'BUS', 'METRO') NOT NULL
) ENGINE=InnoDB DEFAULT CHARSET=utf8mb4 COLLATE=utf8mb4_general_ci;

-- --------------------------------------------------------

--
-- Structure de la table Site
--

DROP TABLE IF EXISTS Site;
CREATE TABLE Site (
  id_site int(11) PRIMARY KEY AUTO_INCREMENT,
  name_site VARCHAR(50) NOT NULL,
  adress_site VARCHAR(50) NOT NULL,
  creation_date_site date DEFAULT NULL,
  capacity_site int(11) DEFAULT NULL,
  URL_site VARCHAR(255) DEFAULT NULL
) ENGINE=InnoDB DEFAULT CHARSET=utf8mb4 COLLATE=utf8mb4_general_ci;

-- --------------------------------------------------------

--
-- Structure de la table Team
--

DROP TABLE IF EXISTS Team;
CREATE TABLE Team (
  id_team int(11) PRIMARY KEY AUTO_INCREMENT,
  size_team int(11) NOT NULL,
  gender_team enum('MAN', 'WOMAN', 'MIXED') NOT NULL,
  code_country char(3) DEFAULT NULL
) ENGINE=InnoDB DEFAULT CHARSET=utf8mb4 COLLATE=utf8mb4_general_ci;

-- --------------------------------------------------------

--
-- Structure de la table Is_from
--

DROP TABLE IF EXISTS Is_from;
CREATE TABLE Is_from (
  id_athlete int(11) NOT NULL,
  code_country char(3) NOT NULL,
  PRIMARY KEY (id_athlete, code_country)
) ENGINE=InnoDB DEFAULT CHARSET=utf8mb4 COLLATE=utf8mb4_general_ci;

-- --------------------------------------------------------

--
-- Structure de la table To_pertain_team
--

DROP TABLE IF EXISTS To_pertain_team;
CREATE TABLE To_pertain_team (
  id_athlete int(11) NOT NULL,
  id_team int(11) NOT NULL,
  PRIMARY KEY (id_athlete, id_team)
) ENGINE=InnoDB DEFAULT CHARSET=utf8mb4 COLLATE=utf8mb4_general_ci;

-- --------------------------------------------------------

--
-- Structure de la table To_Register_athlete
--

DROP TABLE IF EXISTS To_Register_athlete;
CREATE TABLE To_Register_athlete (
  id_event int(11) NOT NULL,
  id_athlete int(11) NOT NULL,
  PRIMARY KEY (id_event, id_athlete)
) ENGINE=InnoDB DEFAULT CHARSET=utf8mb4 COLLATE=utf8mb4_general_ci;

-- --------------------------------------------------------

--
-- Structure de la table To_Register_team
--

DROP TABLE IF EXISTS To_Register_team;
CREATE TABLE To_Register_team (
  id_event int(11) NOT NULL,
  id_team int(11) NOT NULL,
  PRIMARY KEY (id_event, id_team)
) ENGINE=InnoDB DEFAULT CHARSET=utf8mb4 COLLATE=utf8mb4_general_ci;

-- --------------------------------------------------------

--
-- Structure de la table To_Schedule
--

DROP TABLE IF EXISTS To_Schedule;
CREATE TABLE To_Schedule (
  id_site int(11) NOT NULL,
  id_date_cal int(11) NOT NULL,
  id_event int(11) NOT NULL,
  PRIMARY KEY (id_site, id_date_cal, id_event)
) ENGINE=InnoDB DEFAULT CHARSET=utf8mb4 COLLATE=utf8mb4_general_ci;

-- --------------------------------------------------------

--
-- Structure de la table To_Serve
--

DROP TABLE IF EXISTS To_Serve;
CREATE TABLE To_Serve (
  id_site int(11) NOT NULL,
  id_trans int(11) NOT NULL,
  num_ligne VARCHAR(50) NOT NULL,
  station_name VARCHAR(50) NOT NULL,
  PRIMARY KEY (id_site, id_trans)
) ENGINE=InnoDB DEFAULT CHARSET=utf8mb4 COLLATE=utf8mb4_general_ci;



--
-- Index et Contraintes pour la table Athlete
--
ALTER TABLE Athlete
  ADD INDEX IDX_Athlete_code_country (code_country),

  ADD CONSTRAINT FK_Athlete_code_country FOREIGN KEY (code_country) REFERENCES Country (code_country) ON DELETE SET NULL;

--
-- Index et Contraintes pour la table Event
--
ALTER TABLE Event
  ADD INDEX IDX_Event_id_disc (id_disc),
  ADD INDEX IDX_Event_id_record (id_record),

  ADD CONSTRAINT FK_Event_id_disc FOREIGN KEY (id_disc) REFERENCES Discipline (id_disc) ON DELETE CASCADE,
  ADD CONSTRAINT FK_Event_id_record FOREIGN KEY (id_record) REFERENCES Record (id_record) ON DELETE SET NULL;

--
-- Index et Contraintes pour la table Medal
--
ALTER TABLE Medal
  ADD INDEX IDX_Medal_id_event (id_event),
  ADD INDEX IDX_Medal_id_athlete (id_athlete),
  ADD INDEX IDX_Medal_id_date_cal (id_date_cal),

  ADD CONSTRAINT FK_Medal_id_event FOREIGN KEY (id_event) REFERENCES Event (id_event) ON DELETE CASCADE,
  ADD CONSTRAINT FK_Medal_id_athlete FOREIGN KEY (id_athlete) REFERENCES Athlete (id_athlete) ON DELETE SET NULL,
  ADD CONSTRAINT FK_Medal_id_date_cal FOREIGN KEY (id_date_cal) REFERENCES Date_calendar (id_date_cal) ON DELETE SET NULL;

--
-- Indexet Contraintes pour la table Record
--
ALTER TABLE Record
  ADD INDEX IDX_Record_id_event (id_event),
  ADD INDEX IDX_Record_id_athlete (id_athlete),

  ADD CONSTRAINT FK_Record_id_event FOREIGN KEY (id_event) REFERENCES Event (id_event) ON DELETE CASCADE,
  ADD CONSTRAINT FK_Record_id_athlete FOREIGN KEY (id_athlete) REFERENCES Athlete (id_athlete) ON DELETE SET NULL;

--
-- Index pour la table Team et Contraintes pour la table Team
--
ALTER TABLE Team
  ADD INDEX IDX_Team_code_country (code_country),

  ADD CONSTRAINT FK_Team_code_country FOREIGN KEY (code_country) REFERENCES Country (code_country) ON DELETE SET NULL;

--
-- Index et Contraintes pour la table Is_from
--
ALTER TABLE Is_from
  -- ADD INDEX IDX_Is_from_id_athlete (id_athlete),
  -- ADD INDEX IDX_Is_from_code_country (code_country),

  ADD CONSTRAINT FK_Is_from_id_athlete FOREIGN KEY (id_athlete) REFERENCES Athlete (id_athlete) ON DELETE CASCADE,
  ADD CONSTRAINT FK_Is_from_code_country FOREIGN KEY (code_country) REFERENCES Country (code_country) ON DELETE CASCADE;

--
-- Index et Contraintes pour la table To_pertain_team
--
ALTER TABLE To_pertain_team
  -- ADD INDEX IDX_To_pertain_team_id_team (id_team),
  -- ADD INDEX IDX_To_pertain_team_id_athlete (id_athlete),

  ADD CONSTRAINT FK_To_pertain_team_id_athlete FOREIGN KEY (id_athlete) REFERENCES Athlete (id_athlete) ON DELETE CASCADE,
  ADD CONSTRAINT FK_To_pertain_team_id_team FOREIGN KEY (id_team) REFERENCES Team (id_team) ON DELETE CASCADE;

--
-- Index et Contraintes pour la table To_Register_athlete
--
ALTER TABLE To_Register_athlete
  -- ADD INDEX IDX_To_Register_athlete_id_athlete (id_athlete),
  -- ADD INDEX IDX_To_Register_athlete_id_event (id_event),

  ADD CONSTRAINT FK_To_Register_athlete_id_athlete FOREIGN KEY (id_athlete) REFERENCES Athlete (id_athlete) ON DELETE CASCADE,
  ADD CONSTRAINT FK_To_Register_athlete_id_event FOREIGN KEY (id_event) REFERENCES Event (id_event) ON DELETE CASCADE;

--
-- Index et Contraintes pour la table To_Register_team
--
ALTER TABLE To_Register_team
  -- ADD INDEX IDX_To_Register_team_id_team (id_team),
  -- ADD INDEX IDX_To_Register_team_id_event (id_event),

  ADD CONSTRAINT FK_To_Register_team_id_event FOREIGN KEY (id_event) REFERENCES Event (id_event) ON DELETE CASCADE,
  ADD CONSTRAINT FK_To_Register_team_id_team FOREIGN KEY (id_team) REFERENCES Team (id_team) ON DELETE CASCADE;

--
-- Index et Contraintes pour la table To_Schedule
--
ALTER TABLE To_Schedule
  -- ADD INDEX IDX_To_Schedule_id_date_cal (id_date_cal),
  -- ADD INDEX IDX_To_Schedule_id_event (id_event),
  -- ADD INDEX IDX_To_Schedule_id_site (id_site),

  ADD CONSTRAINT FK_To_Schedule_id_date_cal FOREIGN KEY (id_date_cal) REFERENCES Date_calendar (id_date_cal) ON DELETE CASCADE,
  ADD CONSTRAINT FK_To_Schedule_id_event FOREIGN KEY (id_event) REFERENCES Event (id_event) ON DELETE CASCADE,
  ADD CONSTRAINT FK_To_Schedule_id_site FOREIGN KEY (id_site) REFERENCES Site (id_site) ON DELETE CASCADE;

--
-- Index et Contraintes pour la table To_Serve
--
ALTER TABLE To_Serve
  -- ADD INDEX IDX_To_Serve_id_trans (id_trans),
  -- ADD INDEX IDX_To_Serve_id_site (id_site),

  ADD CONSTRAINT FK_To_Serve_id_site FOREIGN KEY (id_site) REFERENCES Site (id_site) ON DELETE CASCADE,
  ADD CONSTRAINT FK_To_Serve_id_trans FOREIGN KEY (id_trans) REFERENCES Transport (id_trans) ON DELETE CASCADE;

COMMIT;
INSERT IGNORE INTO Transport (name_trans) VALUES
('TRAIN'),
('TRAMWAY'),
('BUS'),
('METRO');

INSERT IGNORE INTO Site (name_site, adress_site, creation_date_site, capacity_site, URL_site) VALUES
 ('Seine', 'Seine', NULL, 600000, 'https://fr.wikipedia.org//wiki/Seine_%C3%A0_Paris'),
 ('Stade de France', 'ZAC du Cornillon Nord93200 Saint-Denis,  France', '1995-00-00', 77083, 'https://fr.wikipedia.org//wiki/Stade_de_France'),
 ('Village olympique de Saint-Denis', 'Village olympique de Saint-Denis', NULL, NULL, 'https://fr.wikipedia.org//wiki/Village_olympique_de_Saint-Denis'),
 ('Centre aquatique', 'Avenue du Président-Wilson, Saint-Denis', '2024-00-00', 5000, 'https://fr.wikipedia.org//wiki/Piscine_olympique_de_Saint-Denis'),
 ('Stade Tour Eiffel(Champ-de-Mars)', 'Stade Tour Eiffel(Champ-de-Mars)', '1770-00-00', 12860, 'https://fr.wikipedia.org//wiki/Champ-de-Mars_(Paris)'),
 ('Pont Alexandre-III[S 1] et Seine (nage)', 'Pont Alexandre-III[S 1] et Seine (nage)', NULL, 1000, 'https://fr.wikipedia.org//wiki/Pont_Alexandre-III'),
 ('Grand Palais', 'Grand Palais', '1900-00-00', 8000, 'https://fr.wikipedia.org//wiki/Grand_Palais_(Paris)'),
 ('Arena Champ-de-Mars(Grand Palais éphémère)', 'Arena Champ-de-Mars(Grand Palais éphémère)', '2021-06-12', 8356, 'https://fr.wikipedia.org//wiki/Grand_Palais_%C3%A9ph%C3%A9m%C3%A8re'),
 ('Esplanade des Invalides', 'Esplanade des Invalides', '1704-00-00', 8000, 'https://fr.wikipedia.org//wiki/Esplanade_des_Invalides'),
 ('Arena Paris Sud(Parc des expositions de la porte de Versailles)', '1 place de la Porte-de-Versailles 15e arrondissement de Paris, Paris France', NULL, 6650, 'https://fr.wikipedia.org//wiki/Paris_Expo_Porte_de_Versailles'),
 ('Parc des Princes', '24 rue du Commandant-Guilbaud[1] 75016 Paris, France', '1967-07-08', 47926, 'https://fr.wikipedia.org//wiki/Parc_des_Princes'),
 ('Stade Roland-Garros', '3 avenue Gordon-Bennett  75016, France', '1928-00-00', 14962, 'https://fr.wikipedia.org//wiki/Stade_Roland-Garros'),
 ('Palais omnisports de Paris-Bercy[S 4]', '8, boulevard de Bercy, Paris 12e', '1984-02-03', 15000, 'https://fr.wikipedia.org//wiki/Palais_omnisports_de_Paris-Bercy'),
 ('Arena Porte de la Chapelle[60]', '58 boulevard Ney 18e arrondissement de Paris, Paris France', '2024-02-11', 7000, 'https://fr.wikipedia.org//wiki/Arena_Porte_de_la_Chapelle'),
 ('Paris La Défense Arena[S 4]', '99 Jardins de l''ArcheNanterre France', '2013-12-02', 17000, 'https://fr.wikipedia.org//wiki/Paris_La_D%C3%A9fense_Arena'),
 ('Stade Yves-du-Manoir', '12, rue François-Faber92700 Colombes', '1907-00-00', 15000, 'https://fr.wikipedia.org//wiki/Stade_d%C3%A9partemental_Yves-du-Manoir'),
 ('Base nautique de Vaires-sur-Marne', 'Base nautique de Vaires-sur-Marne', '1980-00-00', 24000, 'https://fr.wikipedia.org//wiki/%C3%8Ele_de_loisirs_de_Vaires-Torcy'),
 ('Château de Versailles', 'Château de Versailles', NULL, 40000, 'https://fr.wikipedia.org//wiki/Ch%C3%A2teau_de_Versailles'),
 ('Vélodrome national', '1, rue Laurent FignonMontigny-le-Bretonneux', '2011-10-03', 5000, 'https://fr.wikipedia.org//wiki/V%C3%A9lodrome_de_Saint-Quentin-en-Yvelines'),
 ('Colline d''Élancourt', 'Colline d''Élancourt', NULL, 15000, 'https://fr.wikipedia.org//wiki/Colline_d%27%C3%89lancourt'),
 ('Golf national', 'Golf national', NULL, 32720, 'https://fr.wikipedia.org//wiki/Golf_national'),
 ('Marina olympique du Roucas-Blanc[S 5]', '6 Prom. Georges Pompidou, 13008 Marseille', NULL, 12262, 'https://fr.wikipedia.org//wiki/Marina_olympique_du_Roucas-Blanc'),
 ('Teahupo''o[29]', 'Teahupo''o[29]', NULL, 600, 'https://fr.wikipedia.org//wiki/Teahupo%27o'),
 ('Stade de Bordeaux[S 4]', 'Cours Jules-Ladoumègue 33300 Bordeaux, France', '2012-00-00', 42000, 'https://fr.wikipedia.org//wiki/Matmut_Atlantique'),
 ('Stade Pierre-Mauroy', '261 Boulevard de Tournai 59650 Villeneuve-d''Ascq, France', '2024-09-27', 27000, 'https://fr.wikipedia.org//wiki/Stade_Pierre-Mauroy'),
 ('Parc Olympique lyonnais[S 4]', '10 avenue Simone-Veil 69150 Décines-Charpieu, France', '2012-10-22', 59186, 'https://fr.wikipedia.org//wiki/Parc_Olympique_lyonnais'),
 ('Stade Vélodrome[S 4]', '3 boulevard Michelet 13008 Marseille, France', '1935-04-28', 67394, 'https://fr.wikipedia.org//wiki/Stade_V%C3%A9lodrome'),
 ('Stade de la Beaujoire', '5 boulevard de la Beaujoire 44300 Nantes', '1984-05-08', 37473, 'https://fr.wikipedia.org//wiki/Stade_de_la_Beaujoire'),
 ('Stade Riviera[S 4]', 'Boulevard des Jardiniers06200 Nice  France', '2011-08-06', 36178, 'https://fr.wikipedia.org//wiki/Allianz_Riviera'),
 ('Stade Geoffroy-Guichard', '14, rue Paul et Pierre Guichard42000 Saint-Étienne', '1930-09-00', 41965, 'https://fr.wikipedia.org//wiki/Stade_Geoffroy-Guichard'),
 ('Site d''escalade du Bourget', '9 rue Roger Salengro, 93350, Le Bourget', '2020-00-00', 6000, 'https://fr.wikipedia.org//wiki/Site_d%27escalade_du_Bourget'),
 ('Parc des expositions du Bourget', 'Le Bourget, Seine-Saint-Denis, France', NULL, NULL, 'https://fr.wikipedia.org//wiki/Parc_des_expositions_de_Paris-Le_Bourget'),
 ('Place de la Concorde[29]', 'Place de la Concorde[29]', '1763-00-00', NULL, 'https://fr.wikipedia.org//wiki/Place_de_la_Concorde'),
 ('Arena Paris Nord', 'Villepinte, Seine-Saint-Denis France', '1982-12-00', 6000, 'https://fr.wikipedia.org//wiki/Parc_des_expositions_de_Paris-Nord_Villepinte'),
 ('Centre national de tir sportif', 'Route de Lignières, RD 925, 36130 Déols,  France', '2018-00-00', NULL, 'https://fr.wikipedia.org//wiki/Centre_national_de_tir_sportif');

INSERT IGNORE INTO Athlete (firstname_athlete, name_athlete, birthday_athlete, gender_athlete, code_country) VALUES
('Usain', 'Bolt', '1986-08-21', 'MAN', 'JAM'),
('Elaine', 'Thompson-Herah', '1992-06-28', 'WOMAN', 'JAM'),
('Bob', 'Beamon', '1946-08-29', 'MAN', 'USA'),
('Wayde', 'van Niekerk', '1992-07-15', 'MAN', 'ZAF'),
('David', 'Rudisha', '1988-12-17', 'MAN', 'KEN'),
('Jakob', 'Ingebrigtsen', '2000-09-19', 'MAN', 'NOR'),
('Kenenisa', 'Bekele', '1982-06-13', 'MAN', 'ETH'),
('Samuel', 'Wanjiru', '1986-11-10', 'MAN', 'KEN'),
('Liu', 'Xiang', '1983-07-13', 'MAN', 'CHN'),
('Karsten', 'Warholm', '1996-02-28', 'MAN', 'NOR'),
('Conseslus', 'Kipruto', '1994-12-08', 'MAN', 'KEN'),
('Chen', 'Ding', '1992-08-05', 'MAN', 'CHN'),
('Jared', 'Tallent', '1984-10-17', 'MAN', 'AUS'),
('Kenny', 'Harrison', '1965-02-13', 'MAN', 'USA'),
('Thiago', 'Braz da Silva', '1993-12-16', 'MAN', 'BRA'),
('Ryan', 'Crouser', '1992-12-18', 'MAN', 'USA'),
('Virgilijus', 'Alekna', '1972-02-13', 'MAN', 'LTU'),
('Sergey', 'Litvinov', '1992-12-18', 'MAN', 'BLR'),
('Andreas', 'Thorkildsen', '1982-04-01', 'MAN', 'NOR'),
('Damian', 'Warner', '1989-10-04', 'MAN', 'CAN'),
('Florence', 'Griffith-Joyner', '1959-12-21', 'WOMAN', 'USA'),
('Marie-José', 'Pérec', '1968-05-09', 'WOMAN', 'FRA'),
('Nadiya', 'Olizarenko', '1953-11-28', 'WOMAN', 'UKR'),
('Faith', 'Kipyegon', '1994-01-10', 'WOMAN', 'KEN'),
('Vivian', 'Cheruiyot', '1983-09-11', 'WOMAN', 'KEN'),
('Almaz', 'Ayana', '1991-11-21', 'WOMAN', 'ETH'),
('Tiki', 'Gelana', '1987-10-22', 'WOMAN', 'ETH'),
('Jasmine', 'Camacho-Quinn', '1996-08-21', 'WOMAN', 'PRI'),
('Sydney', 'McLaughlin', '1999-09-07', 'WOMAN', 'USA'),
('Gulnara', 'Samitova-Galkina', '1978-07-09', 'WOMAN', 'RUS'),
('Qieyang', 'Shenjie', '1990-11-11', 'WOMAN', 'CHN'),
('Jackie', 'Joyner-Kersee', '1962-03-03', 'WOMAN', 'USA'),
('Yulimar', 'Rojas', '1995-10-21', 'WOMAN', 'VEN'),
('Yelena', 'Slesarenko', '1982-02-28', 'WOMAN', 'RUS'),
('Yelena', 'Isinbayeva', '1982-06-03', 'WOMAN', 'RUS'),
('Ilona', 'Slupianek', '1956-09-24', 'WOMAN', 'DEU'),
('Martina', 'Hellmann', '1960-12-12', 'WOMAN', 'DEU'),
('Anita', 'Włodarczyk', '1985-08-08', 'WOMAN', 'POL'),
('Olisdeilys', 'Menéndez', '1979-11-14', 'WOMAN', 'CUB'),
('Caeleb', 'Dressel', '1996-08-16', 'MAN', 'USA'),
('Michael', 'Phelps', '1985-06-30', 'MAN', 'USA'),
('Michael', 'Phelps', '1985-06-30', 'MAN', 'USA'),
('Sun', 'Yang', '1991-12-01', 'MAN', 'CHN'),
('Mykhailo', 'Romanchuk', '1996-08-07', 'MAN', 'UKR'),
('Ryan', 'Murphy', '1965-11-09', 'MAN', 'USA'),
('Evgeny', 'Rylov', '1996-09-23', 'MAN', 'RUS'),
('Adam', 'Peaty', '1994-12-28', 'MAN', 'GBR'),
('Zac', 'Stubblety-Cook', '1999-01-04', 'MAN', 'AUS'),
('Joseph', 'Schooling', '1995-06-16', 'MAN', 'SGP'),
('Kristóf', 'Milák', '2000-02-20', 'MAN', 'HUN'),
('Emma', 'McKeon', '1994-05-24', 'WOMAN', 'AUS'),
('Ariarne', 'Titmus', '2000-09-07', 'WOMAN', 'AUS'),
('Katie', 'Ledecky', '1997-03-17', 'WOMAN', 'USA'),
('Kaylee', 'McKeown', '2001-07-11', 'WOMAN', 'AUS'),
('Missy', 'Franklin', '1995-05-10', 'WOMAN', 'USA'),
('Lilly', 'King', '1997-02-10', 'WOMAN', 'USA'),
('Tatjana', 'Schoenmaker', '1997-07-09', 'WOMAN', 'ZAF'),
('Sarah', 'Sjöström', '1993-08-17', 'WOMAN', 'SWE'),
('Zhang', 'Yufei', '1998-04-19', 'WOMAN', 'CHN'),
('Katinka', 'Hosszú', '1985-05-03', 'WOMAN', 'HUN');

INSERT IGNORE INTO Country (code_country, name_country) VALUES
('AFG', 'Afghanistan'),
('ZAF', 'Afrique du Sud'),
('ALA', 'Îles Åland'),
('ALB', 'Albanie'),
('DZA', 'Algérie'),
('DEU', 'Allemagne'),
('AND', 'Andorre'),
('AGO', 'Angola'),
('AIA', 'Anguilla'),
('ATA', 'Antarctique'),
('ATG', 'Antigua-et-Barbuda'),
('SAU', 'Arabie saoudite'),
('ARG', 'Argentine'),
('ARM', 'Arménie'),
('ABW', 'Aruba'),
('AUS', 'Australie'),
('AUT', 'Autriche'),
('AZE', 'Azerbaïdjan'),
('BHS', 'Bahamas'),
('BHR', 'Bahreïn'),
('BGD', 'Bangladesh'),
('BRB', 'Barbade'),
('BLR', 'Biélorussie'),
('BEL', 'Belgique'),
('BLZ', 'Belize'),
('BEN', 'Bénin'),
('BMU', 'Bermudes'),
('BTN', 'Bhoutan'),
('BOL', 'Bolivie'),
('BES', 'Pays-Bas caribéens'),
('BIH', 'Bosnie-Herzégovine'),
('BWA', 'Botswana'),
('BVT', 'Île Bouvet'),
('BRA', 'Brésil'),
('BRN', 'Brunei'),
('BGR', 'Bulgarie'),
('BFA', 'Burkina Faso'),
('BDI', 'Burundi'),
('CYM', 'Îles Caïmans'),
('KHM', 'Cambodge'),
('CMR', 'Cameroun'),
('CAN', 'Canada'),
('CPV', 'Cap-Vert'),
('CAF', 'République centrafricaine'),
('CHL', 'Chili'),
('CHN', 'Chine'),
('CXR', 'Île Christmas'),
('CYP', 'Chypre'),
('CCK', 'Îles Cocos'),
('COL', 'Colombie'),
('COM', 'Comores'),
('COG', 'République du Congo'),
('COD', 'République démocratique du Congo'),
('COK', 'Îles Cook'),
('KOR', 'Corée du Sud'),
('PRK', 'Corée du Nord'),
('CRI', 'Costa Rica'),
('CIV', 'Côte d''Ivoire'),
('HRV', 'Croatie'),
('CUB', 'Cuba'),
('CUW', 'Curaçao'),
('DNK', 'Danemark'),
('DJI', 'Djibouti'),
('DOM', 'République dominicaine'),
('DMA', 'Dominique'),
('EGY', 'Égypte'),
('ARE', 'Émirats arabes unis'),
('ECU', 'Équateur'),
('ERI', 'Érythrée'),
('ESP', 'Espagne'),
('EST', 'Estonie'),
('USA', 'États-Unis'),
('ETH', 'Éthiopie'),
('FLK', 'Malouines'),
('FRO', 'Îles Féroé'),
('FJI', 'Fidji'),
('FIN', 'Finlande'),
('FRA', 'France'),
('GAB', 'Gabon'),
('GMB', 'Gambie'),
('GEO', 'Géorgie'),
('SGS', 'Géorgie du Sud-et-les îles Sandwich du Sud'),
('GHA', 'Ghana'),
('GIB', 'Gibraltar'),
('GRC', 'Grèce'),
('GRD', 'Grenade'),
('GRL', 'Groenland'),
('GLP', 'Guadeloupe'),
('GUM', 'Guam'),
('GTM', 'Guatemala'),
('GGY', 'Guernesey'),
('GIN', 'Guinée'),
('GNB', 'Guinée-Bissau'),
('GNQ', 'Guinée équatoriale'),
('GUY', 'Guyana'),
('GUF', 'Guyane'),
('HTI', 'Haïti'),
('HMD', 'Îles Heard-et-MacDonald'),
('HND', 'Honduras'),
('HKG', 'Hong Kong'),
('HUN', 'Hongrie'),
('UMI', 'Îles mineures éloignées des États-Unis'),
('IND', 'Inde'),
('IDN', 'Indonésie'),
('IRN', 'Iran'),
('IRQ', 'Irak'),
('IRL', 'Irlande'),
('ISL', 'Islande'),
('ISR', 'Israël'),
('ITA', 'Italie'),
('JAM', 'Jamaïque'),
('JPN', 'Japon'),
('JEY', 'Jersey'),
('JOR', 'Jordanie'),
('KAZ', 'Kazakhstan'),
('KEN', 'Kenya'),
('KGZ', 'Kirghizistan'),
('KIR', 'Kiribati'),
('KWT', 'Koweït'),
('LAO', 'Laos'),
('LSO', 'Lesotho'),
('LVA', 'Lettonie'),
('LBN', 'Liban'),
('LBR', 'Liberia'),
('LBY', 'Libye'),
('LIE', 'Liechtenstein'),
('LTU', 'Lituanie'),
('LUX', 'Luxembourg'),
('MAC', 'Macao'),
('MKD', 'Macédoine du Nord'),
('MDG', 'Madagascar'),
('MYS', 'Malaisie'),
('MWI', 'Malawi'),
('MDV', 'Maldives'),
('MLI', 'Mali'),
('MLT', 'Malte'),
('IMN', 'Île de Man'),
('MNP', 'Îles Mariannes du Nord'),
('MAR', 'Maroc'),
('MHL', 'Îles Marshall'),
('MTQ', 'Martinique'),
('MUS', 'Maurice'),
('MRT', 'Mauritanie'),
('MYT', 'Mayotte'),
('MEX', 'Mexique'),
('FSM', 'États fédérés de Micronésie'),
('MDA', 'Moldavie'),
('MCO', 'Monaco'),
('MNG', 'Mongolie'),
('MNE', 'Monténégro'),
('MSR', 'Montserrat'),
('MOZ', 'Mozambique'),
('MMR', 'Birmanie'),
('NAM', 'Namibie'),
('NRU', 'Nauru'),
('NPL', 'Népal'),
('NIC', 'Nicaragua'),
('NER', 'Niger'),
('NGA', 'Nigeria'),
('NIU', 'Niue'),
('NFK', 'Île Norfolk'),
('NOR', 'Norvège'),
('NCL', 'Nouvelle-Calédonie'),
('NZL', 'Nouvelle-Zélande'),
('IOT', 'Territoire britannique de l''océan Indien'),
('OMN', 'Oman'),
('UGA', 'Ouganda'),
('UZB', 'Ouzbékistan'),
('PAK', 'Pakistan'),
('PLW', 'Palaos'),
('PSE', 'Palestine'),
('PAN', 'Panama'),
('PNG', 'Papouasie-Nouvelle-Guinée'),
('PRY', 'Paraguay'),
('NLD', 'Pays-Bas'),
('PER', 'Pérou'),
('PHL', 'Philippines'),
('PCN', 'Îles Pitcairn'),
('POL', 'Pologne'),
('PYF', 'Polynésie française'),
('PRI', 'Porto Rico'),
('PRT', 'Portugal'),
('QAT', 'Qatar'),
('REU', 'La Réunion'),
('ROU', 'Roumanie'),
('GBR', 'Royaume-Uni'),
('RUS', 'Russie'),
('RWA', 'Rwanda'),
('ESH', 'République arabe sahraouie démocratique'),
('BLM', 'Saint-Barthélemy'),
('KNA', 'Saint-Christophe-et-Niévès'),
('SMR', 'Saint-Marin'),
('MAF', 'Saint-Martin'),
('SXM', 'Saint-Martin'),
('SPM', 'Saint-Pierre-et-Miquelon'),
('VAT', 'Saint-Siège (État de la Cité du Vatican)'),
('VCT', 'Saint-Vincent-et-les-Grenadines'),
('SHN', 'Sainte-Hélène, Ascension et Tristan da Cunha'),
('LCA', 'Sainte-Lucie'),
('SLB', 'Îles Salomon'),
('SLV', 'Salvador'),
('WSM', 'Samoa'),
('ASM', 'Samoa américaines'),
('STP', 'Sao Tomé-et-Principe'),
('SEN', 'Sénégal'),
('SRB', 'Serbie'),
('SYC', 'Seychelles'),
('SLE', 'Sierra Leone'),
('SGP', 'Singapour'),
('SVK', 'Slovaquie'),
('SVN', 'Slovénie'),
('SOM', 'Somalie'),
('SDN', 'Soudan'),
('SSD', 'Soudan du Sud'),
('LKA', 'Sri Lanka'),
('SWE', 'Suède'),
('CHE', 'Suisse'),
('SUR', 'Suriname'),
('SJM', 'Svalbard et île Jan Mayen'),
('SWZ', 'Eswatini'),
('SYR', 'Syrie'),
('TJK', 'Tadjikistan'),
('TWN', 'Taïwan / (République de Chine (Taïwan))'),
('TZA', 'Tanzanie'),
('TCD', 'Tchad'),
('CZE', 'Tchéquie'),
('ATF', 'Terres australes et antarctiques françaises'),
('THA', 'Thaïlande'),
('TLS', 'Timor oriental'),
('TGO', 'Togo'),
('TKL', 'Tokelau'),
('TON', 'Tonga'),
('TTO', 'Trinité-et-Tobago'),
('TUN', 'Tunisie'),
('TKM', 'Turkménistan'),
('TCA', 'Îles Turques-et-Caïques'),
('TUR', 'Turquie'),
('TUV', 'Tuvalu'),
('UKR', 'Ukraine'),
('URY', 'Uruguay'),
('VUT', 'Vanuatu'),
('VEN', 'Venezuela'),
('VGB', 'Îles Vierges britanniques'),
('VIR', 'Îles Vierges des États-Unis'),
('VNM', 'Viêt Nam'),
('WLF', 'Wallis-et-Futuna'),
('YEM', 'Yémen'),
('ZMB', 'Zambie'),
('ZWE', 'Zimbabwe');

INSERT IGNORE INTO Discipline (name_fr_disc, name_an_disc, category_disc) VALUES
('tir à l''arc', 'archery', 'Olympic'),
('athlétisme', 'athletics', 'Olympic'),
('badminton', 'badminton', 'Olympic'),
('basketball', 'basketball', 'Olympic'),
('basketball 3×3', 'basketball 3×3', 'Olympic'),
('boxe', 'boxing', 'Olympic'),
('canoë-kayak slalom', 'canoe slalom', 'Olympic'),
('canoë sprint', 'canoe sprint', 'Olympic'),
('cyclisme sur route', 'road cycling', 'Olympic'),
('cyclisme sur piste', 'cycling track', 'Olympic'),
('mountain bike (vtt)', 'mountain bike', 'Olympic'),
('bmx freestyle', 'bmx freestyle', 'Olympic'),
('bmx racing', 'bmx racing', 'Olympic'),
('sports équestres', 'equestrian', 'Olympic'),
('escrime', 'fencing', 'Olympic'),
('football', 'football', 'Olympic'),
('golf', 'golf', 'Olympic'),
('gymnastique artistique', 'artistic gymnastics', 'Olympic'),
('gymnastique rythmique', 'rhythmic gymnastics', 'Olympic'),
('trampoline', 'trampoline', 'Olympic'),
('handball', 'handball', 'Olympic'),
('hockey', 'hockey', 'Olympic'),
('judo', 'judo', 'Olympic'),
('pentathlon moderne', 'modern pentathlon', 'Olympic'),
('aviron', 'rowing', 'Olympic'),
('rugby', 'rugby', 'Olympic'),
('voile', 'sailing', 'Olympic'),
('tir', 'shooting', 'Olympic'),
('tennis de table', 'table tennis', 'Olympic'),
('taekwondo', 'taekwondo', 'Olympic'),
('taekwondo', 'tennis', 'Olympic'),
('triathlon', 'triathlon', 'Olympic'),
('volleyball', 'volleyball', 'Olympic'),
('volleyball de plage', 'beach volleyball', 'Olympic'),
('plongeon', 'diving', 'Olympic'),
('natation marathon', 'marathon swimming', 'Olympic'),
('natation artistique', 'artistic swimming', 'Olympic'),
('natation', 'swimming', 'Olympic'),
('waterpolo', 'water polo', 'Olympic'),
('haltérophilie', 'weightlifting', 'Olympic'),
('lutte', 'wrestling', 'Olympic'),
('breaking', 'breaking', 'Olympic'),
('escalade sportive', 'sport climbing', 'Olympic'),
('skateboard', 'skateboarding', 'Olympic'),
('surf', 'surfing', 'Olympic'),
('cécifoot', 'blind football', 'Paralympic'),
('boccia', 'boccia', 'Paralympic'),
('goalball', 'goalball', 'Paralympic'),
('para tir à l''arc', 'para archery', 'Paralympic'),
('para athlétisme', 'para athletics', 'Paralympic'),
('para badminton', 'para badminton', 'Paralympic'),
('para canoë', 'para canoe', 'Paralympic'),
('para cyclisme sur route', 'para cycling road', 'Paralympic'),
('para cyclisme sur piste', 'para cycling track', 'Paralympic'),
('para équitation (dressage)', 'para equestrian (para dressage)', 'Paralympic'),
('para judo', 'para judo', 'Paralympic'),
('para powerlifting', 'para powerlifting', 'Paralympic'),
('para aviron', 'para rowing', 'Paralympic'),
('para natation', 'para swimming', 'Paralympic'),
('para tennis de table', 'para table tennis', 'Paralympic'),
('para taekwondo', 'para taekwondo', 'Paralympic'),
('para triathlon', 'para triathlon', 'Paralympic'),
('para tir sportif', 'shooting para sport', 'Paralympic'),
('volleyball assis', 'sitting volleyball', 'Paralympic'),
('basket fauteuil', 'wheelchair basketball', 'Paralympic'),
('escrime fauteuil', 'wheelchair fencing', 'Paralympic'),
('rugby fauteuil', 'wheelchair rugby', 'Paralympic'),
('tennis fauteuil', 'wheelchair tennis', 'Paralympic');

INSERT IGNORE INTO Record (stat_record, date_record, id_event, id_athlete) VALUES
('9 s 63', '2012-08-05', NULL, NULL),
('19 s 30', '2008-08-20', NULL, NULL),
('43 s 03', '2016-08-15', NULL, NULL),
('1 min 40 s 91', '2012-08-09', NULL, NULL),
('3 min 28 s 32', '2021-08-07', NULL, NULL),
('12 min 57 s 82', '2008-08-23', NULL, NULL),
('27 min 1 s 17', '2008-08-17', NULL, NULL),
('2 h 6 min 32 s', '2008-08-24', NULL, NULL),
('12 s 91', '2004-08-27', NULL, NULL),
('45 s 94', '2021-08-03', NULL, NULL),
('8 min 3 s 28', '2016-08-17', NULL, NULL),
('1 h 18 min 46 s', '2012-08-04', NULL, NULL),
('3 h 36 min 53 s', '2012-08-11', NULL, NULL),
('8,90 m', '1968-10-18', NULL, NULL),
('18,09 m', '1996-07-27', NULL, NULL),
('2,39 m', '1996-07-28', NULL, NULL),
('6,03 m', '2016-08-16', NULL, NULL),
('23,30 m', '2021-08-05', NULL, NULL),
('69,89 m', '2004-08-23', NULL, NULL),
('84,80 m', '1988-09-26', NULL, NULL),
('90,57 m', '2008-08-23', NULL, NULL),
('9018 points', '2021-08-05', NULL, NULL),
('10 s 61', '2021-07-31', NULL, NULL),
('21 s 34', '1988-09-29', NULL, NULL),
('48 s 25', '1996-07-29', NULL, NULL),
('1 min 53 s 43', '1980-07-27', NULL, NULL),
('3 min 53 s 11', '2021-08-06', NULL, NULL),
('14 min 26 s 17', '2016-08-19', NULL, NULL),
('29 min 17 s 45', '2016-08-12', NULL, NULL),
('2 h 23 min 07', '2012-08-05', NULL, NULL),
('12 s 26', '2021-08-00', NULL, NULL),
('51 s 46', '2021-08-04', NULL, NULL),
('8 min 58 s 81', '2008-08-16', NULL, NULL),
('1 h 25 min 16 s', '2012-08-11', NULL, NULL),
('7,40 m', '1988-09-29', NULL, NULL),
('15,67 m', '2021-08-00', NULL, NULL),
('2,06 m', '2004-08-28', NULL, NULL),
('5,05 m', '2008-08-18', NULL, NULL),
('22,41 m', '1980-07-24', NULL, NULL),
('72,30 m', '1988-09-29', NULL, NULL),
('82,29 m', '2016-08-15', NULL, NULL),
('71,53 m', '2004-08-27', NULL, NULL),
('7291 points', '1988-09-24', NULL, NULL),
('21 s 07', '2021-08-00', NULL, NULL),
('47 s 02', '2021-07-29', NULL, NULL),
('1 min 42 s 96', '2008-08-12', NULL, NULL),
('3 min 40 s 14', '2012-07-28', NULL, NULL),
('7 min 41 s 28', '2021-07-27', NULL, NULL),
('14 min 31 s 02', '2012-08-04', NULL, NULL),
('51 s 85', '2016-08-13', NULL, NULL),
('1 min 53 s 28', '2021-07-30', NULL, NULL),
('57 s 13', '2016-08-07', NULL, NULL),
('2 min 06 s 38', '2021-07-29', NULL, NULL),
('49 s 45', '2021-07-31', NULL, NULL),
('1 min 51 s 25', '2021-07-28', NULL, NULL),
('1 min 54 s 23', '2008-08-15', NULL, NULL),
('4 min 03 s 84', '2008-08-10', NULL, NULL),
('23 s 81', '2021-08-00', NULL, NULL),
('51 s 96', '2021-07-30', NULL, NULL),
('1 min 53 s 50', '2021-07-28', NULL, NULL),
('3 min 56 s 46', '2016-08-07', NULL, NULL),
('8 min 4 s 79', '2016-08-12', NULL, NULL),
('15 min 35 s 35', '2021-07-26', NULL, NULL),
('57 s 47', '2021-07-27', NULL, NULL),
('2 min 4 s 06', '2012-08-03', NULL, NULL),
('1 min 4 s 93', '2016-08-08', NULL, NULL),
('2 min 18 s 95', '2021-07-30', NULL, NULL),
('55 s 48', '2016-08-07', NULL, NULL),
('2 min 3 s 86', '2021-07-29', NULL, NULL),
('2 min 6 s 58', '2016-08-09', NULL, NULL),
('4 min 26 s 36', '2016-08-06', NULL, NULL);

INSERT IGNORE INTO Date_calendar (date_cal, medal_ceremony_date_cal) VALUES
('2024-07-26', False),
('2024-07-27', True),
('2024-07-28', True),
('2024-07-29', True),
('2024-07-30', True),
('2024-07-31', True),
('2024-08-01', True),
('2024-08-02', True),
('2024-08-03', True),
('2024-08-04', True),
('2024-08-05', True),
('2024-08-06', True),
('2024-08-07', True),
('2024-08-08', True),
('2024-08-09', True),
('2024-08-10', True),
('2024-08-11', True);

INSERT IGNORE INTO To_Serve (id_site, id_trans, num_ligne, station_name) VALUES
 (NULL, 1, 'RER A', 'Gare de Lyon'),
 (NULL, 1, 'RER D', 'Gare de Lyon'),
 (NULL, 1, 'Train R', 'Gare de Lyon'),
 (NULL, 4, 'Métro 1', 'Gare de Lyon'),
 (5, 4, 'Métro 10', 'Ségur'),
 (10, 1, 'RER B', 'Parc des expositions'),
 (10, 2, 'Tramway T3a', 'Georges Brassens'),
 (8, 1, 'RER E', 'Rosa Parks'),
 (4, 4, 'Métro 14', 'Pleyel'),
 (NULL, 1, 'Train L depuis la gare Saint-Lazare à Paris', 'Versailles Rive Droite'),
 (20, 1, 'RER C', 'Saint-Quentin-en-Yvelines'),
 (20, 1, 'Train N depuis la gare Montparnasse à Paris', 'Saint-Quentin-en-Yvelines'),
 (20, 1, 'Train U depuis la gare de La Défense', 'Saint-Quentin-en-Yvelines'),
 (7, 1, 'RER C', 'Invalides'),
 (7, 4, 'Métro 8', 'Invalides'),
 (7, 4, 'Métro 13', 'Invalides'),
 (NULL, 4, 'Métro 12', 'Assemblée Nationale'),
 (33, 4, 'Franklin D. Roosevelt »', 'Franklin D. Roosevelt'),
 (21, 1, 'RER C', 'Saint-Quentin-en-Yvelines'),
 (21, 1, 'Train N depuis la gare Montparnasse à Paris', 'Saint-Quentin-en-Yvelines'),
 (21, 1, 'Train U depuis la gare de La Défense', 'Saint-Quentin-en-Yvelines'),
 (NULL, 4, 'Ligne 83', 'Plage Roucas Blanc'),
 (11, 4, 'Métro 9', 'Marcel Sembat'),
 (11, 4, 'Métro 10', 'Porte d''Auteuil'),
 (11, 4, 'Métro 9', 'Porte de Saint-Cloud'),
 (11, 1, 'RER C', 'Pont du Garigliano'),
 (11, 1, 'RER A', 'Charles-de-Gaulle - Etoile'),
 (11, 4, 'Métro 1', 'Charles-de-Gaulle - Etoile'),
 (11, 4, 'Métro 2', 'Charles-de-Gaulle - Etoile'),
 (11, 4, 'Métro 6', 'Charles-de-Gaulle - Etoile'),
 (8, 1, 'RER A', 'Nanterre Préfecture'),
 (6, 1, 'RER C', 'Invalides'),
 (6, 4, 'Métro 8', 'Invalides'),
 (6, 4, 'Métro 13', 'Invalides'),
 (31, 1, 'RER B', 'Le Bourget'),
 (31, 2, 'Tramway T11', 'Le Bourget'),
 (24, 4, 'Ligne B', 'La Cité du Vin'),
 (2, 1, 'Train H depuis la gare du Nord à Paris', 'Saint-Denis'),
 (NULL, 4, 'Ligne M2', 'Sainte-Marguerite Dromel'),
 (12, 4, 'Métro 10', 'Porte d''Auteuil'),
 (5, 4, 'Métro 9', 'Alma Marceau'),
 (NULL, 1, 'RER C', 'Pont de l''Alma');

INSERT IGNORE INTO Event (name_event, format_event, gender_event, id_disc, id_record) VALUES
('100m', 'Individual', 'Femme', 2, 1),
('100m', 'Individual', 'Homme', 2, 1),
('200m', 'Individual', 'Femme', 2, 2),
('200m', 'Individual', 'Homme', 2, 2),
('400m', 'Individual', 'Femme', 2, 3),
('400m', 'Individual', 'Homme', 2, 3),
('800m', 'Individual', 'Femme', 2, 4),
('800m', 'Individual', 'Homme', 2, 4),
('1500m', 'Individual', 'Femme', 2, 5),
('1500m', 'Individual', 'Homme', 2, 5),
('5000m', 'Individual', 'Femme', 2, 6),
('5000m', 'Individual', 'Homme', 2, 6),
('10000m', 'Individual', 'Femme', 2, 7),
('10000m', 'Individual', 'Homme', 2, 7),
('400m haies', 'Individual', 'Femme', 2, 3),
('400m haies', 'Individual', 'Homme', 2, 3),
('3000m steeple', 'Individual', 'Femme', 2, 11),
('3000m steeple', 'Individual', 'Homme', 2, 11),
('Relais 4x100m', 'Collective', 'Femme', 2, 1),
('Relais 4x100m', 'Collective', 'Homme', 2, 1),
('Relais 4x400m', 'Collective', 'Femme', 2, 3),
('Relais 4x400m', 'Collective', 'Homme', 2, 3),
('Relais 4x400m', 'Collective', 'Mixte', 2, 3),
('Saut en hauteur', 'Individual', 'Femme', 2, 16),
('Saut en hauteur', 'Individual', 'Homme', 2, 16),
('Saut à la perche', 'Individual', 'Femme', 2, 17),
('Saut à la perche', 'Individual', 'Homme', 2, 17),
('Saut en longueur', 'Individual', 'Femme', 2, 14),
('Saut en longueur', 'Individual', 'Homme', 2, 14),
('Triple saut', 'Individual', 'Femme', 2, 15),
('Triple saut', 'Individual', 'Homme', 2, 15),
('Lancer de poids', 'Individual', 'Femme', 2, NULL),
('Lancer de poids', 'Individual', 'Homme', 2, NULL),
('Lancer de disque', 'Individual', 'Femme', 2, NULL),
('Lancer de disque', 'Individual', 'Homme', 2, NULL),
('Lancer de marteau', 'Individual', 'Femme', 2, NULL),
('Lancer de marteau', 'Individual', 'Homme', 2, NULL),
('Lancer de javelot', 'Individual', 'Femme', 2, NULL),
('Lancer de javelot', 'Individual', 'Homme', 2, NULL),
('Décathlon', 'Individual', 'Homme', 2, 22),
('Heptathlon', 'Individual', 'Femme', 2, 43),
('110m haies', 'Individual', 'Homme', 2, 9),
('100m haies', 'Individual', 'Femme', 2, 1),
('20km marche', 'Individual', 'Femme', 2, 12),
('20km marche', 'Individual', 'Homme', 2, 12),
('Marche sur un marathon en relais', 'Collective', 'Mixte', 2, NULL),
('Marathon', 'Individual', 'Femme', 2, 8),
('Marathon', 'Individual', 'Homme', 2, 8),
('Skiff', 'Individual', 'Femme', 25, NULL),
('Skiff', 'Individual', 'Homme', 25, NULL),
('Deux de pointe', 'Collective', 'Femme', 25, NULL),
('Deux de pointe', 'Collective', 'Homme', 25, NULL),
('Deux de couple', 'Collective', 'Femme', 25, NULL),
('Deux de couple', 'Collective', 'Homme', 25, NULL),
('Quatre de pointe sans barreur', 'Collective', 'Femme', 25, NULL),
('Quatre de pointe sans barreur', 'Collective', 'Homme', 25, NULL),
('Quatre de couple', 'Collective', 'Femme', 25, NULL),
('Quatre de couple', 'Collective', 'Homme', 25, NULL),
('Huit de pointe', 'Individual', 'Femme', 25, NULL),
('Huit de pointe', 'Individual', 'Homme', 25, NULL),
('Deux de couple poids léger', 'Collective', 'Femme', 25, NULL),
('Deux de couple poids léger', 'Collective', 'Homme', 25, NULL),
('Simple', 'Individual', 'Femme', 3, NULL),
('Simple', 'Individual', 'Homme', 3, NULL),
('Double', 'Collective', 'Femme', 3, NULL),
('Double', 'Collective', 'Homme', 3, NULL),
('Double', 'Collective', 'Mixte', 3, NULL),
('Tournoi à 12 équipes', 'Collective', 'Femme', 4, NULL),
('Tournoi à 12 équipes', 'Collective', 'Homme', 4, NULL),
('Tournoi à 8 équipes', 'Collective', 'Femme', 5, NULL),
('Tournoi à 8 équipes', 'Collective', 'Homme', 5, NULL),
('C-1 1000m', 'Individual', 'Homme', 8, NULL),
('C-1 200m', 'Individual', 'Femme', 8, NULL),
('C-2 500m', 'Individual', 'Femme', 8, NULL),
('C-2 500m', 'Individual', 'Homme', 8, NULL),
('K-1 1000m', 'Individual', 'Homme', 8, NULL),
('K-1 500m', 'Individual', 'Femme', 8, NULL),
('K-2 500m', 'Individual', 'Femme', 8, NULL),
('K-2 500m', 'Individual', 'Homme', 8, NULL),
('K-4 500m', 'Individual', 'Femme', 8, NULL),
('K-4 500m', 'Individual', 'Homme', 8, NULL),
('K-1', 'Individual', 'Femme', 7, NULL),
('K-1', 'Individual', 'Homme', 7, NULL),
('C-1', 'Individual', 'Femme', 7, NULL),
('C-1', 'Individual', 'Homme', 7, NULL),
('Kayak cross', 'Individual', 'Femme', 7, NULL),
('Kayak cross', 'Individual', 'Homme', 7, NULL),
('Vitesse individuelle', 'Individual', 'Femme', 10, NULL),
('Vitesse individuelle', 'Individual', 'Homme', 10, NULL),
('Vitesse par équipe', 'Collective', 'Femme', 10, NULL),
('Vitesse par équipe', 'Collective', 'Homme', 10, NULL),
('Keirin', 'Individual', 'Femme', 10, NULL),
('Keirin', 'Individual', 'Homme', 10, NULL),
('Poursuite par équipe', 'Collective', 'Femme', 10, NULL),
('Poursuite par équipe', 'Collective', 'Homme', 10, NULL),
('Omnium', 'Individual', 'Femme', 10, NULL),
('Omnium', 'Individual', 'Homme', 10, NULL),
('Madison', 'Individual', 'Femme', 10, NULL),
('Madison', 'Individual', 'Homme', 10, NULL),
('Epreuves contre la montre', 'Individual', 'Femme', 9, NULL),
('Epreuves contre la montre', 'Individual', 'Homme', 9, NULL),
('Epreuves en ligne', 'Individual', 'Femme', 9, NULL),
('Epreuves en ligne', 'Individual', 'Homme', 9, NULL),
('BMX freestyle', 'Individual', 'Femme', 12, NULL),
('BMX freestyle', 'Individual', 'Homme', 12, NULL),
('BMX racing', 'Individual', 'Femme', 13, NULL),
('BMX racing', 'Individual', 'Homme', 13, NULL),
('Cross-country', 'Individual', 'Femme', NULL, NULL),
('Cross-country', 'Individual', 'Homme', NULL, NULL),
('Epée individuelle', 'Individual', 'Femme', 15, NULL),
('Epée individuelle', 'Individual', 'Homme', 15, NULL),
('Fleuret individuel', 'Individual', 'Femme', 15, NULL),
('Fleuret individuel', 'Individual', 'Homme', 15, NULL),
('Sabre individuel', 'Individual', 'Femme', 15, NULL),
('Sabre individuel', 'Individual', 'Homme', 15, NULL),
('Epée par équipes', 'Collective', 'Femme', 15, NULL),
('Epée par équipes', 'Collective', 'Homme', 15, NULL),
('Fleuret par équipes', 'Collective', 'Femme', 15, NULL),
('Fleuret par équipes', 'Collective', 'Homme', 15, NULL),
('Sabre par équipes', 'Collective', 'Femme', 15, NULL),
('Sabre par équipes', 'Collective', 'Homme', 15, NULL),
('Tournoi de football', 'Collective', 'Femme', 16, NULL),
('Tournoi de football', 'Collective', 'Homme', 16, NULL),
('Tournoi de golf individuel', 'Individual', 'Femme', 17, NULL),
('Tournoi de golf individuel', 'Individual', 'Homme', 17, NULL),
('Concours par équipes', 'Collective', 'Femme', 18, NULL),
('Concours par équipes', 'Collective', 'Homme', 18, NULL),
('Concours général', 'Individual', 'Femme', 18, NULL),
('Concours général', 'Individual', 'Homme', 18, NULL),
('Exercices au sol', 'Individual', 'Femme', 18, NULL),
('Exercices au sol', 'Individual', 'Homme', 18, NULL),
('Saut', 'Individual', 'Femme', 18, NULL),
('Saut', 'Individual', 'Homme', 18, NULL),
('Barres asymétriques', 'Individual', 'Femme', 18, NULL),
('Poutre', 'Individual', 'Femme', 18, NULL),
('Cheval d''arçons', 'Individual', 'Homme', 18, NULL),
('Anneaux', 'Individual', 'Homme', 18, NULL),
('Barres parallèles', 'Individual', 'Homme', 18, NULL),
('Barre fixe', 'Individual', 'Homme', 18, NULL),
('Concours des ensembles', 'Collective', 'Femme', 19, NULL),
('Concours individuel', 'Individual', 'Femme', 19, NULL),
('Individuel', 'Individual', 'Femme', 20, NULL),
('Individuel', 'Individual', 'Homme', 20, NULL),
('49kg', 'Individual', 'Femme', 40, NULL),
('59kg', 'Individual', 'Femme', 40, NULL),
('71kg', 'Individual', 'Femme', 40, NULL),
('81kg', 'Individual', 'Femme', 40, NULL),
('+81kg', 'Individual', 'Femme', 40, NULL),
('61kg', 'Individual', 'Homme', 40, NULL),
('73kg', 'Individual', 'Homme', 40, NULL),
('89kg', 'Individual', 'Homme', 40, NULL),
('102kg', 'Individual', 'Homme', 40, NULL),
('+102kg', 'Individual', 'Homme', 40, NULL),
('Tournoi de handball', 'Collective', 'Femme', 21, NULL),
('Tournoi de handball', 'Collective', 'Homme', 21, NULL),
('Tournoi de hockey', 'Collective', 'Femme', 22, NULL),
('Tournoi de hockey', 'Collective', 'Homme', 22, NULL),
('Tournois -48kg individuel', 'Individual', 'Femme', 23, NULL),
('Tournois -52kg individuel', 'Individual', 'Femme', 23, NULL),
('Tournois -57kg individuel', 'Individual', 'Femme', 23, NULL),
('Tournois -63kg individuel', 'Individual', 'Femme', 23, NULL),
('Tournois -70kg individuel', 'Individual', 'Femme', 23, NULL),
('Tournois -78kg individuel', 'Individual', 'Femme', 23, NULL),
('Tournois +78kg individuel', 'Individual', 'Femme', 23, NULL),
('Tournois -60kg individuel', 'Individual', 'Homme', 23, NULL),
('Tournois -66kg individuel', 'Individual', 'Homme', 23, NULL),
('Tournois -73kg individuel', 'Individual', 'Homme', 23, NULL),
('Tournois -81kg individuel', 'Individual', 'Homme', 23, NULL),
('Tournois -90kg individuel', 'Individual', 'Homme', 23, NULL),
('Tournois -100kg individuel', 'Individual', 'Homme', 23, NULL),
('Tournois +100kg individuel', 'Individual', 'Homme', 23, NULL),
('Tournois par équipes', 'Collective', 'Mixte', 23, NULL),
('Lutte libre -50kg', 'Individual', 'Femme', 41, NULL),
('Lutte libre -53kg', 'Individual', 'Femme', 41, NULL),
('Lutte libre -57kg', 'Individual', 'Femme', 41, NULL),
('Lutte libre -62kg', 'Individual', 'Femme', 41, NULL),
('Lutte libre -68kg', 'Individual', 'Femme', 41, NULL),
('Lutte libre -76kg', 'Individual', 'Femme', 41, NULL),
('Lutte libre -57kg', 'Individual', 'Homme', 41, NULL),
('Lutte libre -65kg', 'Individual', 'Homme', 41, NULL),
('Lutte libre -74kg', 'Individual', 'Homme', 41, NULL),
('Lutte libre -86kg', 'Individual', 'Homme', 41, NULL),
('Lutte libre -97kg', 'Individual', 'Homme', 41, NULL),
('Lutte libre -125kg', 'Individual', 'Homme', 41, NULL),
('Lutte gréco-romaine -60kg', 'Individual', 'Femme', 41, NULL),
('Lutte gréco-romaine -67kg', 'Individual', 'Femme', 41, NULL),
('Lutte gréco-romaine -77kg', 'Individual', 'Femme', 41, NULL),
('Lutte gréco-romaine -87kg', 'Individual', 'Femme', 41, NULL),
('Lutte gréco-romaine -97kg', 'Individual', 'Femme', 41, NULL),
('Lutte gréco-romaine -130kg', 'Individual', 'Femme', 41, NULL),
('Compétition individuelle', 'Individual', 'Femme', 24, NULL),
('Compétition individuelle', 'Individual', 'Homme', 24, NULL),
('Tournoi de rugby à 7', 'Collective', 'Femme', 26, NULL),
('Tournoi de rugby à 7', 'Collective', 'Homme', 26, NULL),
('50m nage libre', 'Individual', 'Femme', 38, 44),
('50m nage libre', 'Individual', 'Homme', 38, 44),
('100m nage libre', 'Individual', 'Femme', 38, 45),
('100m nage libre', 'Individual', 'Homme', 38, 45),
('200m nage libre', 'Individual', 'Femme', 38, 46),
('200m nage libre', 'Individual', 'Homme', 38, 46),
('400m nage libre', 'Individual', 'Femme', 38, 47),
('400m nage libre', 'Individual', 'Homme', 38, 47),
('800m nage libre', 'Individual', 'Femme', 38, 48),
('800m nage libre', 'Individual', 'Homme', 38, 48),
('1500mnage libre', 'Individual', 'Femme', 38, NULL),
('1500mnage libre', 'Individual', 'Homme', 38, NULL),
('100m dos', 'Individual', 'Femme', 38, 50),
('100m dos', 'Individual', 'Homme', 38, 50),
('200m dos', 'Individual', 'Femme', 38, 51),
('200m dos', 'Individual', 'Homme', 38, 51),
('100mbrass', 'Individual', 'Femme', 38, NULL),
('100mbrass', 'Individual', 'Homme', 38, NULL),
('200m brasse', 'Individual', 'Femme', 38, 53),
('200m brasse', 'Individual', 'Homme', 38, 53),
('100m papillon', 'Individual', 'Femme', 38, 54),
('100m papillon', 'Individual', 'Homme', 38, 54),
('200m papillon', 'Individual', 'Femme', 38, 55),
('200m papillon', 'Individual', 'Homme', 38, 55),
('200m quatre nages individuel', 'Individual', 'Femme', 38, NULL),
('200m quatre nages individuel', 'Individual', 'Homme', 38, NULL),
('400m quatre nages individuel', 'Individual', 'Femme', 38, NULL),
('400m quatre nages individuel', 'Individual', 'Homme', 38, NULL),
('Relais4x100m nage libre', 'Collective', 'Femme', 38, 45),
('Relais4x100m nage libre', 'Collective', 'Homme', 38, 45),
('Relais 4x200m nage libre', 'Collective', 'Femme', 38, 46),
('Relais 4x200m nage libre', 'Collective', 'Homme', 38, 46),
('Relais4x100m quatre nages', 'Collective', 'Femme', 38, NULL),
('Relais4x100m quatre nages', 'Collective', 'Homme', 38, NULL),
('Relais 4x100m quatre nages', 'Collective', 'Mixte', 38, NULL),
('Duo libre', 'Collective', 'Mixte', 37, NULL),
('Duo technique', 'Collective', 'Mixte', 37, NULL),
('Finale des duos', 'Collective', 'Mixte', 37, NULL),
('Equipes libres', 'Collective', 'Mixte', 37, NULL),
('Equipes techniques', 'Collective', 'Mixte', 37, NULL),
('Natation marathon, 10km', 'Individual', 'Femme', 36, NULL),
('Natation marathon, 10km', 'Individual', 'Homme', 36, NULL),
('Haut-vol 10m', 'Individual', 'Mixte', 35, NULL),
('Haut-vol 10m', 'Individual', 'Mixte', 35, NULL),
('Haut-vol 10m synchronisé', 'Collective', 'Mixte', 35, NULL),
('Haut-vol 10m synchronisé', 'Collective', 'Mixte', 35, NULL),
('Tremplin 3m', 'Individual', 'Mixte', 35, NULL),
('Tremplin 3m', 'Individual', 'Mixte', 35, NULL),
('Tremplin 3m synchronisé', 'Collective', 'Mixte', 35, NULL),
('Tremplin 3m synchronisé', 'Collective', 'Mixte', 35, NULL),
('Tournoi de water-polo', 'Collective', 'Femme', NULL, NULL),
('Tournoi de water-polo', 'Collective', 'Homme', NULL, NULL),
('Concours complet individuel', 'Individual', 'Mixte', 14, NULL),
('Concours complet par équipes', 'Collective', 'Mixte', 14, NULL),
('Dressage individuel', 'Individual', 'Mixte', 14, NULL),
('Dressage par équipes', 'Collective', 'Mixte', 14, NULL),
('Saut d''obstacle individuel', 'Individual', 'Mixte', 14, NULL),
('Saut d''obstacle par équipes', 'Collective', 'Mixte', 14, NULL),
('-58kg', 'Individual', 'Homme', 30, NULL),
('-68kg', 'Individual', 'Homme', 30, NULL),
('-80kg', 'Individual', 'Homme', 30, NULL),
('+80kg', 'Individual', 'Homme', 30, NULL),
('-49kg', 'Individual', 'Femme', 30, NULL),
('-57kg', 'Individual', 'Femme', 30, NULL),
('-67kg', 'Individual', 'Femme', 30, NULL),
('+67kg', 'Individual', 'Femme', 30, NULL),
('Simple', 'Individual', 'Femme', NULL, NULL),
('Simple', 'Individual', 'Homme', NULL, NULL),
('Double', 'Collective', 'Femme', NULL, NULL),
('Double', 'Collective', 'Homme', NULL, NULL),
('Double', 'Collective', 'Mixte', NULL, NULL),
('Simple', 'Individual', 'Femme', 29, NULL),
('Simple', 'Individual', 'Homme', 29, NULL),
('Par équipes', 'Collective', 'Femme', 29, NULL),
('Par équipes', 'Collective', 'Homme', 29, NULL),
('Double', 'Collective', 'Mixte', 29, NULL),
('Pistolet à air comprimé 10m', 'Individual', 'Femme', 28, NULL),
('Pistolet à air comprimé 10m', 'Individual', 'Homme', 28, NULL),
('Pistolet à air comprimé 10m', 'Collective', 'Mixte', 28, NULL),
('Carabine à air comprimé 10m', 'Individual', 'Femme', 28, NULL),
('Carabine à air comprimé 10m', 'Individual', 'Homme', 28, NULL),
('Carabine à air comprimé 10m', 'Collective', 'Mixte', 28, NULL),
('Carabine 50m 3 positions', 'Individual', 'Femme', 28, NULL),
('Carabine 50m 3 positions', 'Individual', 'Homme', 28, NULL),
('Skeet olympique', 'Individual', 'Femme', 28, NULL),
('Skeet olympique', 'Individual', 'Homme', 28, NULL),
('Skeet olympique', 'Collective', 'Mixte', 28, NULL),
('Fosse olympique', 'Individual', 'Femme', 28, NULL),
('Fosse olympique', 'Individual', 'Homme', 28, NULL),
('Pistolet rapide 25m', 'Individual', 'Femme', 28, NULL),
('Pistolet rapide 25m', 'Individual', 'Homme', 28, NULL),
('Individuel', 'Individual', 'Femme', NULL, NULL),
('Individuel', 'Individual', 'Homme', NULL, NULL),
('Par équipes', 'Collective', 'Femme', NULL, NULL),
('Par équipes', 'Collective', 'Homme', NULL, NULL),
('Par équipes', 'Collective', 'Mixte', NULL, NULL),
('Epreuve individuelle', 'Individual', 'Femme', 32, NULL),
('Epreuve individuelle', 'Individual', 'Homme', 32, NULL),
('Epreuve de relais', 'Collective', 'Mixte', 32, NULL),
('dériveur solitaire ILCA 6, skiff 49er FX, Planche à voile IQ foil, formula kite.', 'Individual', 'Femme', 27, NULL),
('dériveur solitaire ILCA 7, skiff 49er, Planche à voile IQ foil, formula kite.', 'Individual', 'Homme', 27, NULL),
('multicoque mixte Nacra 17 à foils, dériveur double mixte - 470.', 'Collective', 'Mixte', 27, NULL),
('Tournoi de volleyball', 'Collective', 'Femme', 33, NULL),
('Tournoi de volleyball', 'Collective', 'Homme', 33, NULL),
('Tournoi de volleyball de plage', 'Collective', 'Femme', 34, NULL),
('Tournoi de volleyball de plage', 'Collective', 'Homme', 34, NULL),
('Battle B-girls', 'Individual', 'Femme', 42, NULL),
('Battle B-boys', 'Individual', 'Homme', 42, NULL),
('Combiné bloc-difficulté', 'Individual', 'Femme', 43, NULL),
('Combiné bloc-difficulté', 'Individual', 'Homme', 43, NULL),
('Vitesse', 'Individual', 'Femme', 43, NULL),
('Vitesse', 'Individual', 'Homme', 43, NULL),
('Skateboard park', 'Individual', 'Femme', 44, NULL),
('Skateboard park', 'Individual', 'Homme', 44, NULL),
('Skateboard street', 'Individual', 'Femme', 44, NULL),
('Skateboard street', 'Individual', 'Homme', 44, NULL),
('Shortboard', 'Individual', 'Femme', 45, NULL),
('Shortboard', 'Individual', 'Homme', 45, NULL),
('Individuel BC1', 'Individual', 'Femme', 47, NULL),
('Individuel BC1', 'Individual', 'Homme', 47, NULL),
('Individuel BC2', 'Individual', 'Femme', 47, NULL),
('Individuel BC2', 'Individual', 'Homme', 47, NULL),
('Individuel BC3', 'Individual', 'Femme', 47, NULL),
('Individuel BC3', 'Individual', 'Homme', 47, NULL),
('Individuel BC4', 'Individual', 'Femme', 47, NULL),
('Individuel BC4', 'Individual', 'Homme', 47, NULL),
('Equipe BC1-2', 'Collective', 'Mixte', 47, NULL),
('Equipe BC3', 'Collective', 'Mixte', 47, NULL),
('Equipe BC4', 'Collective', 'Mixte', 47, NULL),
('Tournoi B1 de 8 équipes', 'Collective', 'Homme', 46, NULL),
('Epée catégorie A', 'Individual', 'Femme', 66, NULL),
('Epée catégorie A', 'Individual', 'Homme', 66, NULL),
('Epée catégorie B', 'Individual', 'Femme', 66, NULL),
('Epée catégorie B', 'Individual', 'Homme', 66, NULL),
('Epée par équipe', 'Collective', 'Femme', 66, NULL),
('Epée par équipe', 'Collective', 'Homme', 66, NULL),
('Fleuret catégorie A', 'Individual', 'Femme', 66, NULL),
('Fleuret catégorie A', 'Individual', 'Homme', 66, NULL),
('Fleuret catégorie B', 'Individual', 'Femme', 66, NULL),
('Fleuret catégorie B', 'Individual', 'Homme', 66, NULL),
('Fleuret par équipe', 'Collective', 'Femme', 66, NULL),
('Fleuret par équipe', 'Collective', 'Homme', 66, NULL),
('Sabre catégorie A', 'Individual', 'Femme', 66, NULL),
('Sabre catégorie A', 'Individual', 'Homme', 66, NULL),
('Sabre catégorie B', 'Individual', 'Femme', 66, NULL),
('Sabre catégorie B', 'Individual', 'Homme', 66, NULL),
('Tournoi 8 équipes', 'Collective', 'Femme', 48, NULL),
('Tournoi 8 équipes', 'Collective', 'Homme', 48, NULL),
('100m T11, T12, T13, T34, T35, T36, T37, T38, T44, T47, T53, T54, T63, T64', 'Individual', 'Femme', 50, 1),
('100m T11, T12, T13, T34, T35, T36, T37, T38, T44, T47, T53, T54, T63, T64', 'Individual', 'Homme', 50, 1),
('100m T51, T52', 'Individual', 'Homme', 50, 1),
('200m T35, T37, T64', 'Individual', 'Femme', 50, 2),
('200m T35, T37, T64', 'Individual', 'Homme', 50, 2),
('200m T11, T12, T36, T47', 'Individual', 'Femme', 50, 2),
('200m T51', 'Individual', 'Homme', 50, 2),
('400m T11, T12, T13, T20, T37, T38, T47, T53, T54', 'Individual', 'Femme', 50, 3),
('400m T11, T12, T13, T20, T37, T38, T47, T53, T54', 'Individual', 'Homme', 50, 3),
('400m T36, T52, T62', 'Individual', 'Homme', 50, 3),
('800m T34, T53, T54', 'Individual', 'Femme', 50, 4),
('800m T34, T53, T54', 'Individual', 'Homme', 50, 4),
('1500m T11, T13, T20, T54', 'Individual', 'Femme', 50, 5),
('1500m T11, T13, T20, T54', 'Individual', 'Homme', 50, 5),
('1500m T38, T46', 'Individual', 'Homme', 50, 5),
('5000m T54', 'Individual', 'Femme', 50, 6),
('5000m T54', 'Individual', 'Homme', 50, 6),
('5000m T11, T13', 'Individual', 'Homme', 50, 6),
('Relais 4x100m', 'Collective', 'Mixte', 50, 1),
('Marathon T12, T54', 'Individual', 'Femme', 50, 8),
('Marathon T12, T54', 'Individual', 'Homme', 50, 8),
('Saut en longueur T11, T12, T20, T37, T38, T47, T63, T64', 'Individual', 'Femme', 50, 14),
('Saut en longueur T11, T12, T20, T37, T38, T47, T63, T64', 'Individual', 'Homme', 50, 14),
('Saut en longueur T13, T36', 'Individual', 'Homme', 50, 14),
('Lancer de massue F32', 'Individual', 'Femme', 50, NULL),
('Lancer de massue F32', 'Individual', 'Homme', 50, NULL),
('Lancer de massue F51', 'Individual', 'Homme', 50, NULL),
('Saut en hauteur T47, T63, T64', 'Individual', 'Homme', 50, 16),
('Lancer de disque F11, F64', 'Individual', 'Femme', 50, NULL),
('Lancer de disque F11, F64', 'Individual', 'Homme', 50, NULL),
('Lancer de disque F38, F41, F53, F55, F57', 'Individual', 'Femme', 50, NULL),
('Lancer de disque F37, F52, F56', 'Individual', 'Homme', 50, NULL),
('Lancer de javelot F13, F34, F46, F54', 'Individual', 'Femme', 50, NULL),
('Lancer de javelot F13, F34, F46, F54', 'Individual', 'Homme', 50, NULL),
('Lancer de javelot F56', 'Individual', 'Femme', 50, NULL),
('Lancer de javelot F38, F41, F57, F64', 'Individual', 'Homme', 50, NULL),
('Lancer de poids F12, F20, F32, F33, F34, F35, F37, F40, FR41, F46, F57', 'Individual', 'Femme', 50, NULL),
('Lancer de poids F12, F20, F32, F33, F34, F35, F37, F40, FR41, F46, F57', 'Individual', 'Homme', 50, NULL),
('Lancer de poids F11, F36 , F53, F55, F63', 'Individual', 'Homme', 50, NULL),
('Skiff PR1, M1X, W1x', 'Individual', 'Mixte', 58, NULL),
('Deux de couple PR2 Mix2x', 'Collective', 'Mixte', 58, NULL),
('Deux de couple PR3 Mix2x', 'Collective', 'Mixte', 58, NULL),
('Quatre de pointe avec barreur PR3 Mix4+', 'Collective', 'Mixte', 58, NULL),
('Simple WH1', 'Individual', 'Femme', 51, NULL),
('Simple WH1', 'Individual', 'Homme', 51, NULL),
('Simple WH2', 'Individual', 'Femme', 51, NULL),
('Simple WH2', 'Individual', 'Homme', 51, NULL),
('Simple SL3', 'Individual', 'Femme', 51, NULL),
('Simple SL3', 'Individual', 'Homme', 51, NULL),
('Simple SL4', 'Individual', 'Femme', 51, NULL),
('Simple SL4', 'Individual', 'Homme', 51, NULL),
('Simple SU5', 'Individual', 'Femme', 51, NULL),
('Simple SU5', 'Individual', 'Homme', 51, NULL),
('Simple SH6', 'Individual', 'Femme', 51, NULL),
('Simple SH6', 'Individual', 'Homme', 51, NULL),
('Double WH1-2', 'Collective', 'Femme', 51, NULL),
('Double WH1-2', 'Collective', 'Homme', 51, NULL),
('Double SL3-SU5', 'Collective', 'Mixte', 51, NULL),
('Double SH6', 'Collective', 'Mixte', 51, NULL),
('KL1', 'Individual', 'Femme', 52, NULL),
('KL1', 'Individual', 'Homme', 52, NULL),
('KL2', 'Individual', 'Femme', 52, NULL),
('KL2', 'Individual', 'Homme', 52, NULL),
('KL3', 'Individual', 'Femme', 52, NULL),
('KL3', 'Individual', 'Homme', 52, NULL),
('VL2', 'Individual', 'Femme', 52, NULL),
('VL2', 'Individual', 'Homme', 52, NULL),
('VL3', 'Individual', 'Femme', 52, NULL),
('VL3', 'Individual', 'Homme', 52, NULL),
('Course sur route C1-2-3', 'Individual', 'Femme', 53, NULL),
('Course sur route C1-2-3', 'Individual', 'Homme', 53, NULL),
('Course sur route C4-5', 'Individual', 'Femme', 53, NULL),
('Course sur route C4-5', 'Individual', 'Homme', 53, NULL),
('Course sur route H1-2', 'Individual', 'Homme', 53, NULL),
('Course sur route H1-2-3-4', 'Individual', 'Femme', 53, NULL),
('Course sur route H3', 'Individual', 'Homme', 53, NULL),
('Course sur route H4', 'Individual', 'Homme', 53, NULL),
('Course sur route H5', 'Individual', 'Femme', 53, NULL),
('Course sur route H5', 'Individual', 'Homme', 53, NULL),
('Course sur route T1-2', 'Individual', 'Femme', 53, NULL),
('Course sur route T1-2', 'Individual', 'Homme', 53, NULL),
('Course sur route B', 'Individual', 'Femme', 53, NULL),
('Course sur route B', 'Individual', 'Homme', 53, NULL),
('Contre la montre C1-2-3', 'Individual', 'Femme', 53, NULL),
('Contre la montre C1', 'Individual', 'Homme', 53, NULL),
('Contre la montre C2', 'Individual', 'Homme', 53, NULL),
('Contre la montre C3', 'Individual', 'Homme', 53, NULL),
('Contre la montre C4', 'Individual', 'Femme', 53, NULL),
('Contre la montre C4', 'Individual', 'Homme', 53, NULL),
('Contre la montre C5', 'Individual', 'Femme', 53, NULL),
('Contre la montre C5', 'Individual', 'Homme', 53, NULL),
('Contre la montre H1', 'Individual', 'Homme', 53, NULL),
('Contre la montre H2', 'Individual', 'Homme', 53, NULL),
('Contre la montre H3', 'Individual', 'Homme', 53, NULL),
('Contre la montre H4', 'Individual', 'Homme', 53, NULL),
('Contre la montre H5', 'Individual', 'Homme', 53, NULL),
('Contre la montre H1-2-3', 'Individual', 'Femme', 53, NULL),
('Contre la montre H4-5', 'Individual', 'Femme', 53, NULL),
('Contre la montre T1-2', 'Individual', 'Femme', 53, NULL),
('Contre la montre T1-2', 'Individual', 'Homme', 53, NULL),
('Contre la montre B', 'Individual', 'Femme', 53, NULL),
('Contre la montre B', 'Individual', 'Homme', 53, NULL),
('Relais par équipe H1-5', 'Collective', 'Mixte', 53, NULL),
('Kilomètre C1-2-3', 'Individual', 'Homme', 54, NULL),
('Kilomètre C4-5', 'Individual', 'Homme', 54, NULL),
('500m C1-2-3', 'Individual', 'Femme', 54, NULL),
('500m C4-5', 'Individual', 'Femme', 54, NULL),
('Poursuite C1-2-3', 'Individual', 'Femme', 54, NULL),
('Poursuite C1', 'Individual', 'Homme', 54, NULL),
('Poursuite C2', 'Individual', 'Homme', 54, NULL),
('Poursuite C3', 'Individual', 'Homme', 54, NULL),
('Poursuite C4', 'Individual', 'Femme', 54, NULL),
('Poursuite C4', 'Individual', 'Homme', 54, NULL),
('Poursuite C5', 'Individual', 'Femme', 54, NULL),
('Poursuite C5', 'Individual', 'Homme', 54, NULL),
('Kilomètre B', 'Individual', 'Femme', 54, NULL),
('Kilomètre B', 'Individual', 'Homme', 54, NULL),
('Poursuite B', 'Individual', 'Femme', 54, NULL),
('Poursuite B', 'Individual', 'Homme', 54, NULL),
('Sprint par équipe C1-5', 'Collective', 'Mixte', 54, NULL),
('Grand Prix individuel grade I', 'Individual', 'Mixte', NULL, NULL),
('Grand Prix individuel grade II', 'Individual', 'Mixte', NULL, NULL),
('Grand Prix individuel grade III', 'Individual', 'Mixte', NULL, NULL),
('Grand Prix individuel grade IV', 'Individual', 'Mixte', NULL, NULL),
('Grand Prix individuel grade V', 'Individual', 'Mixte', NULL, NULL),
('Grand Prix par équipe - Open', 'Collective', 'Mixte', NULL, NULL),
('Grand Prix libre individuel grade I', 'Individual', 'Mixte', NULL, NULL),
('Grand Prix libre individuel grade II', 'Individual', 'Mixte', NULL, NULL),
('Grand Prix libre individuel grade III', 'Individual', 'Mixte', NULL, NULL),
('Grand Prix libre individuel grade IV', 'Individual', 'Mixte', NULL, NULL),
('Grand Prix libre individuel grade V', 'Individual', 'Mixte', NULL, NULL),
('-41kg', 'Individual', 'Femme', 57, NULL),
('-45kg', 'Individual', 'Femme', 57, NULL),
('-50kg', 'Individual', 'Femme', 57, NULL),
('-55kg', 'Individual', 'Femme', 57, NULL),
('-61kg', 'Individual', 'Femme', 57, NULL),
('-67kg', 'Individual', 'Femme', 57, NULL),
('-73kg', 'Individual', 'Femme', 57, NULL),
('-79kg', 'Individual', 'Femme', 57, NULL),
('-86kg', 'Individual', 'Femme', 57, NULL),
('+86kg', 'Individual', 'Femme', 57, NULL),
('-49kg', 'Individual', 'Homme', 57, NULL),
('-54kg', 'Individual', 'Homme', 57, NULL),
('-59kg', 'Individual', 'Homme', 57, NULL),
('-65kg', 'Individual', 'Homme', 57, NULL),
('-72kg', 'Individual', 'Homme', 57, NULL),
('-80kg', 'Individual', 'Homme', 57, NULL),
('-88kg', 'Individual', 'Homme', 57, NULL),
('-97kg', 'Individual', 'Homme', 57, NULL),
('-107kg', 'Individual', 'Homme', 57, NULL),
('+107kg', 'Individual', 'Homme', 57, NULL),
('-48kg J1, J2.', 'Individual', 'Femme', 56, NULL),
('-57kg J1, J2.', 'Individual', 'Femme', 56, NULL),
('-70 kg J1, J2.', 'Individual', 'Femme', 56, NULL),
('+70 kg J1, J2.', 'Individual', 'Femme', 56, NULL),
('-60kg J1, J2.', 'Individual', 'Homme', 56, NULL),
('-73kg J1, J2.', 'Individual', 'Homme', 56, NULL),
('-90kg J1, J2.', 'Individual', 'Homme', 56, NULL),
('+90kg J1, J2.', 'Individual', 'Homme', 56, NULL),
('50m nage libre S4, S10, S11, S13', 'Individual', 'Femme', 59, 44),
('50m nage libre S4, S10, S11, S13', 'Individual', 'Homme', 59, 44),
('50m nage libre S6, S8', 'Individual', 'Femme', 59, 44),
('50m nage libre S3, S5, S7, S9', 'Individual', 'Homme', 59, 44),
('100m nage libre S3, S7, S9, S11', 'Individual', 'Femme', 59, 45),
('100m nage libre S4, S6, S8', 'Individual', 'Homme', 59, 45),
('100m nage libre S5, S10, S12', 'Individual', 'Femme', 59, 45),
('100m nage libre S5, S10, S12', 'Individual', 'Homme', 59, 45),
('200m nage libre S2, S3, S4', 'Individual', 'Homme', 59, 46),
('200m nage libre S5, S14', 'Individual', 'Femme', 59, 46),
('200m nage libre S5, S14', 'Individual', 'Homme', 59, 46),
('400m nage libre S10', 'Individual', 'Femme', 59, 47),
('400m nage libre S6, S7, S8, S9, S11, S13', 'Individual', 'Femme', 59, 47),
('400m nage libre S6, S7, S8, S9, S11, S13', 'Individual', 'Homme', 59, 47),
('50m dos S2, S3, S4, S5', 'Individual', 'Femme', 59, NULL),
('50m dos S2, S3, S4, S5', 'Individual', 'Homme', 59, NULL),
('50m dos S1', 'Individual', 'Homme', 59, NULL),
('100m dos S2, S6, S8, S9, S10, S11, S12, S13, S14', 'Individual', 'Femme', 59, 50),
('100m dos S2, S6, S8, S9, S10, S11, S12, S13, S14', 'Individual', 'Homme', 59, 50),
('100m dos S1, S7', 'Individual', 'Homme', 59, 50),
('50m brasse SB3', 'Individual', 'Femme', 59, NULL),
('50m brasse SB3', 'Individual', 'Homme', 59, NULL),
('50m brasse SB2', 'Individual', 'Homme', 59, NULL),
('100m brasse SB4, SB5, SB6, SB8, SB9, SB11, SB13, SB14', 'Individual', 'Femme', 59, 52),
('100m brasse SB4, SB5, SB6, SB8, SB9, SB11, SB13, SB14', 'Individual', 'Homme', 59, 52),
('100m brasse SB3', 'Individual', 'Homme', 59, 52),
('100m brasse SB7, SB12', 'Individual', 'Femme', 59, 52),
('50m papillon S5, S6, S7', 'Individual', 'Femme', 59, NULL),
('50m papillon S5, S6, S7', 'Individual', 'Homme', 59, NULL),
('100m papillon S8, S9, S10, S13, S14', 'Individual', 'Femme', 59, 54),
('100m papillon S8, S9, S10, S13, S14', 'Individual', 'Homme', 59, 54),
('100m papillon S11, S12', 'Individual', 'Homme', 59, 54),
('150m medley individuel SM3', 'Individual', 'Homme', 59, NULL),
('150m medley individuel SM4', 'Individual', 'Femme', 59, NULL),
('150m medley individuel SM4', 'Individual', 'Homme', 59, NULL),
('200m medley individuel SM6, SM7, SM8, SM9, SM10, SM11, SM13, SM14', 'Individual', 'Femme', 59, NULL),
('200m medley individuel SM6, SM7, SM8, SM9, SM10, SM11, SM13, SM14', 'Individual', 'Homme', 59, NULL),
('200m medley individuel SM5', 'Individual', 'Femme', 59, NULL),
('K44 -47kg', 'Individual', 'Femme', 61, NULL),
('K44 -52kg', 'Individual', 'Femme', 61, NULL),
('K44 -57kg', 'Individual', 'Femme', 61, NULL),
('K44 -65kg', 'Individual', 'Femme', 61, NULL),
('K44 +65kg', 'Individual', 'Femme', 61, NULL),
('K44 -58kg', 'Individual', 'Homme', 61, NULL),
('K44 -63kg', 'Individual', 'Homme', 61, NULL),
('K44 -70kg', 'Individual', 'Homme', 61, NULL),
('K44 -80kg', 'Individual', 'Homme', 61, NULL),
('K44 +80kg', 'Individual', 'Homme', 61, NULL),
('Simple classe 1, 2', 'Individual', 'Homme', 60, NULL),
('Simple classe 1-2', 'Individual', 'Femme', 60, NULL),
('Simple classe 3, 4, 5, 6, 7, 8, 9, 10, 11', 'Individual', 'Femme', 60, NULL),
('Simple classe 3, 4, 5, 6, 7, 8, 9, 10, 11', 'Individual', 'Homme', 60, NULL),
('Double MD4, MD8, MD14, MD18', 'Collective', 'Homme', 60, NULL),
('Double WD5, WD10, WD14, WD20', 'Collective', 'Femme', 60, NULL),
('Double XD7, XD17', 'Collective', 'Mixte', 60, NULL),
('Individuel W1', 'Individual', 'Femme', NULL, NULL),
('Individuel W1', 'Individual', 'Homme', NULL, NULL),
('Individuel W1', 'Collective', 'Mixte', NULL, NULL),
('R1 10m Carabine à air «Debout» SH1', 'Individual', 'Homme', 63, NULL),
('R2 10m Carabine à air «Debout» SH1', 'Individual', 'Femme', 63, NULL),
('R3 10m Carabine à air «Couché» SH1', 'Individual', 'Mixte', 63, NULL),
('R7 50m Carabine 3 Positions SH1', 'Individual', 'Homme', 63, NULL),
('R8 50m Carabine 3 Positions SH1', 'Individual', 'Femme', 63, NULL),
('R4 10m Carabine à air «Debout» SH2', 'Individual', 'Mixte', 63, NULL),
('R5 10m Carabine à air «Couché» SH2', 'Individual', 'Mixte', 63, NULL),
('R6 50m Carabine «Couché» SH1', 'Individual', 'Mixte', 63, NULL),
('R9 50m Carabine «Couché» SH2', 'Individual', 'Mixte', 63, NULL),
('P1 10m Pistolet à air SH1', 'Individual', 'Homme', 63, NULL),
('P2 10m Pistolet à air SH1', 'Individual', 'Femme', 63, NULL),
('Pistolet 25m SH1', 'Individual', 'Mixte', 63, NULL),
('P4 Pistolet 50m SH1', 'Individual', 'Mixte', 63, NULL),
('PTWC', 'Individual', 'Femme', 62, NULL),
('PTWC', 'Individual', 'Homme', 62, NULL),
('PTS2', 'Individual', 'Femme', 62, NULL),
('PTS2', 'Individual', 'Homme', 62, NULL),
('PTS3', 'Individual', 'Homme', 62, NULL),
('PTS4', 'Individual', 'Femme', 62, NULL),
('PTS4', 'Individual', 'Homme', 62, NULL),
('PTS5', 'Individual', 'Femme', 62, NULL),
('PTS5', 'Individual', 'Homme', 62, NULL),
('PTVI', 'Individual', 'Femme', 62, NULL),
('PTVI', 'Individual', 'Homme', 62, NULL),
('Tournoi 8 équipes', 'Collective', 'Mixte', 67, NULL),
('Simple', 'Individual', 'Femme', 68, NULL),
('Simple', 'Individual', 'Homme', 68, NULL),
('Double', 'Collective', 'Femme', 68, NULL),
('Double', 'Collective', 'Homme', 68, NULL),
('Simple quad', 'Individual', 'Mixte', 68, NULL),
('Double quad', 'Collective', 'Mixte', 68, NULL),
('Tournoi 8 équipes', 'Collective', 'Femme', 64, NULL),
('Tournoi 8 équipes', 'Collective', 'Homme', 64, NULL);
INSERT IGNORE INTO Is_from (id_athlete, code_country) VALUES
(0, 'JAM'),
(1, 'JAM'),
(2, 'USA'),
(3, 'ZAF'),
(4, 'KEN'),
(5, 'NOR'),
(6, 'ETH'),
(7, 'KEN'),
(8, 'CHN'),
(9, 'NOR'),
(10, 'KEN'),
(11, 'CHN'),
(12, 'AUS'),
(13, 'USA'),
(14, 'BRA'),
(15, 'USA'),
(16, 'LTU'),
(17, 'BLR'),
(18, 'NOR'),
(19, 'CAN'),
(20, 'USA'),
(21, 'FRA'),
(22, 'UKR'),
(23, 'KEN'),
(24, 'KEN'),
(25, 'ETH'),
(26, 'ETH'),
(27, 'PRI'),
(28, 'USA'),
(29, 'RUS'),
(30, 'CHN'),
(31, 'USA'),
(32, 'VEN'),
(33, 'RUS'),
(34, 'RUS'),
(35, 'DEU'),
(36, 'DEU'),
(37, 'POL'),
(38, 'CUB'),
(39, 'USA'),
(40, 'USA'),
(40, 'USA'),
(42, 'CHN'),
(43, 'UKR'),
(44, 'USA'),
(45, 'RUS'),
(46, 'GBR'),
(47, 'AUS'),
(48, 'SGP'),
(49, 'HUN'),
(50, 'AUS'),
(51, 'AUS'),
(52, 'USA'),
(53, 'AUS'),
(54, 'USA'),
(55, 'USA'),
(56, 'ZAF'),
(57, 'SWE'),
(58, 'CHN'),
(59, 'HUN');